number,val_loss,train_loss,alpha,dropout,layer_size,lr,num_layers,optimizer,duration_sec,mae,r2,seed,duration
111,6.128745866362806e-08,3.1869724415913014e-13,0.0,0.0,853,0.0007082582540273431,8,AdamW,3.8061256408691406,0.00020385623793117702,0.9595870971679688,15557,0 days 00:00:03.807035
36,1.1068102168110272e-07,3.9554471698011184e-08,0.0,0.0,954,0.000978516743999568,13,AdamW,3.3771169185638428,0.00027658851468004286,0.9270170331001282,15557,0 days 00:00:03.379255
107,1.142365206874274e-07,1.3525217390508715e-08,0.0,0.0,827,0.0007283891451815541,8,AdamW,1.6737723350524902,0.00023278367007151246,0.924672544002533,15557,0 days 00:00:01.675303
113,1.1780927167137634e-07,2.168022206205933e-08,0.0,0.0,873,0.0007285908301132369,8,AdamW,1.7975311279296875,0.0002702151541598141,0.9223166704177856,15557,0 days 00:00:01.798807
101,1.2250707470684574e-07,1.8725721417922614e-08,0.0,0.0,822,0.0009057799110285268,8,AdamW,3.617558240890503,0.00027304599643684924,0.9192189574241638,15557,0 days 00:00:03.618916
143,1.2527416970442573e-07,2.044560432068465e-08,0.0,0.0,556,0.000602497278351231,10,AdamW,1.3464999198913574,0.0002957351098302752,0.9173943400382996,15557,0 days 00:00:01.347063
46,1.258740098819544e-07,7.124834411342817e-08,0.0,0.0,832,0.0007485971849533988,8,AdamW,1.4243268966674805,0.0002618977741803974,0.9169988036155701,15557,0 days 00:00:01.425314
54,1.2697206841494335e-07,2.240045038348626e-09,0.0,0.0,691,0.00025804710340650777,7,AdamW,1.0909318923950195,0.0002657474542502314,0.9162747263908386,15557,0 days 00:00:01.093447
112,1.5316858537062217e-07,3.59343749201102e-10,0.0,0.0,857,0.0007050219152145838,7,AdamW,2.487450122833252,0.0003062756441067904,0.8990007638931274,15557,0 days 00:00:02.488066
51,1.5951145826420543e-07,5.960616444866673e-09,0.0,0.0,829,0.000576120163431836,9,AdamW,2.018461227416992,0.00034012802643701434,0.8948182463645935,15557,0 days 00:00:02.020386
47,1.608675432862583e-07,5.530272417786364e-08,0.0,0.0,813,0.0008538493939653694,8,AdamW,1.4118545055389404,0.00031512408168055117,0.8939240574836731,15557,0 days 00:00:01.414379
135,1.6100041477784544e-07,3.026698180974563e-08,0.0,0.0,508,0.0007965427365916614,7,AdamW,0.7025425434112549,0.00031028257217258215,0.893836498260498,15557,0 days 00:00:00.702843
121,1.6678728798069642e-07,4.094782823926835e-08,0.0,0.0,800,0.0007847148138129694,10,AdamW,1.6682252883911133,0.0003256518975831568,0.8900206089019775,15557,0 days 00:00:01.669864
100,1.6968088800695114e-07,2.4960826294773142e-08,0.0,0.0,826,0.0008377348524554809,8,AdamW,1.6971688270568848,0.00033552636159583926,0.8881125450134277,15557,0 days 00:00:01.698715
60,1.7190018297696952e-07,8.263490336446466e-09,0.0,0.0,753,0.0007921429820559696,9,AdamW,1.8938822746276855,0.0003490953240543604,0.8866491913795471,15557,0 days 00:00:01.894534
22,1.7249371353500464e-07,3.2544373862464226e-09,0.0,0.0,570,3.7908856576374816e-05,11,AdamW,3.100383996963501,0.0003466982743702829,0.8862577676773071,15557,0 days 00:00:03.100902
142,1.7454554779305909e-07,3.9440589461037234e-08,0.0,0.0,859,0.0004918397888545101,8,AdamW,1.3023085594177246,0.00029603744042105973,0.8849048018455505,15557,0 days 00:00:01.303903
59,1.7483729664036218e-07,6.278626507594254e-09,0.0,0.0,810,0.0005474845772038312,7,AdamW,1.5482282638549805,0.0003629260463640094,0.8847124576568604,15557,0 days 00:00:01.549440
136,1.7696990539661783e-07,4.836806510866154e-09,0.0,0.0,382,0.000775582327743741,7,AdamW,0.6165823936462402,0.00033599583548493683,0.8833062052726746,15557,0 days 00:00:00.617204
45,1.7749404435107863e-07,4.264169461976053e-08,0.0,0.0,842,0.0007142863367433165,8,AdamW,1.5117151737213135,0.0003210963914170861,0.8829605579376221,15557,0 days 00:00:01.513355
83,1.8016140757026733e-07,2.1200259325837578e-08,0.0,0.0,784,0.00039084465475273635,8,AdamW,1.3692905902862549,0.0003029408399015665,0.8812017440795898,15557,0 days 00:00:01.370925
106,1.839850938267773e-07,3.7715000567040136e-10,0.0,0.0,743,0.0006256609534020331,6,AdamW,1.7935984134674072,0.0003525703214108944,0.878680408000946,15557,0 days 00:00:01.795312
86,1.888579248543465e-07,8.022250419514876e-09,0.0,0.0,989,0.0008596757713193403,10,AdamW,2.8233280181884766,0.0003339168324600905,0.8754672408103943,15557,0 days 00:00:02.825134
77,1.9098612824564043e-07,9.46497547005265e-10,0.0,0.0,565,0.0007520400531876942,12,AdamW,2.3281726837158203,0.00035060205846093595,0.8740639090538025,15557,0 days 00:00:02.330126
81,1.9180139076979685e-07,2.641325558272456e-08,0.0,0.0,848,0.0007044838715782021,8,AdamW,1.5964133739471436,0.00035273240064270794,0.8735263347625732,15557,0 days 00:00:01.597159
70,1.9226568781505193e-07,1.9586787747272183e-09,0.0,0.0,687,0.0009477955819187811,11,AdamW,2.886667490005493,0.0003511573886498809,0.8732202053070068,15557,0 days 00:00:02.888169
137,1.932839381879603e-07,1.9605835177571862e-08,0.0,0.0,792,0.0005543460012611475,8,AdamW,1.5773630142211914,0.0003518992743920535,0.8725486993789673,15557,0 days 00:00:01.579192
104,1.9436507159298344e-07,4.0890951735761405e-10,0.0,0.0,821,0.0007193840085670012,9,AdamW,3.013676404953003,0.00036362282116897404,0.8718358278274536,15557,0 days 00:00:03.015340
132,2.003743162504179e-07,6.239135874608337e-09,0.0,0.0,621,0.000866376744306552,11,AdamW,1.8238186836242676,0.00035521702375262976,0.8678733110427856,15557,0 days 00:00:01.825023
144,2.0192970850985148e-07,1.3984897684338193e-08,0.0,0.0,545,0.0006224205414467578,10,AdamW,1.4958858489990234,0.0003483002074062824,0.8668477535247803,15557,0 days 00:00:01.496555
71,2.044953930635529e-07,2.7031234139940352e-08,0.0,0.0,812,0.0005869199170168075,7,AdamW,1.3687238693237305,0.00034349816269241273,0.8651559352874756,15557,0 days 00:00:01.371327
92,2.0712150217150338e-07,3.041946428083975e-08,0.0,0.0,664,0.0002998013806345367,8,AdamW,1.0481243133544922,0.00037400354631245136,0.8634243011474609,15557,0 days 00:00:01.049322
44,2.0965710234577273e-07,5.837262673225041e-09,0.0,0.0,960,0.00045454209274186914,9,AdamW,2.461399555206299,0.0003692121244966984,0.8617522716522217,15557,0 days 00:00:02.462608
118,2.1053951115845848e-07,3.877157206400028e-10,0.0,0.0,928,0.0007541921206835678,9,AdamW,4.28006649017334,0.0003447975032031536,0.8611704111099243,15557,0 days 00:00:04.281663
130,2.1120143856023788e-07,5.236787892215489e-09,0.0,0.0,734,0.00043974657295036643,9,AdamW,1.5968220233917236,0.00035508358268998563,0.8607339859008789,15557,0 days 00:00:01.597729
128,2.1779726466775173e-07,1.2767158352744445e-07,0.0,0.0,1000,0.0009917257490021153,8,AdamW,2.0480077266693115,0.0003850599459838122,0.8563846945762634,15557,0 days 00:00:02.049658
125,2.2978899494319194e-07,4.1162657282711734e-08,0.0,0.0,790,0.000689505965467397,8,AdamW,1.5564823150634766,0.0004244938027113676,0.8484773635864258,15557,0 days 00:00:01.558302
91,2.3629276313386072e-07,4.9846097027739233e-08,0.0,0.0,776,0.0003939915612067882,7,AdamW,0.9947748184204102,0.0003588126564864069,0.8441887497901917,15557,0 days 00:00:00.997148
82,2.367734310837477e-07,4.918125906527848e-10,0.0,0.0,838,0.0009991240159413141,10,AdamW,4.1107118129730225,0.00038520360249094665,0.8438718318939209,15557,0 days 00:00:04.112355
41,2.3853314701227646e-07,1.2528501791564395e-08,0.0,0.0,872,0.0004183985439056967,10,AdamW,2.5066921710968018,0.00037817229167558253,0.8427114486694336,15557,0 days 00:00:02.508659
49,2.3961945316841593e-07,2.3541707250274158e-08,0.0,0.0,785,0.000811029499508339,7,AdamW,1.4172186851501465,0.0004054003511555493,0.841995120048523,15557,0 days 00:00:01.418223
127,2.4004668830457376e-07,2.2711924785312476e-08,0.0,0.0,841,0.0005895318840010599,7,AdamW,1.302922248840332,0.0003723905829247087,0.8417134284973145,15557,0 days 00:00:01.305382
119,2.435166095438035e-07,1.4118580971000938e-08,0.0,0.0,844,0.0004257994758118877,7,AdamW,1.3222119808197021,0.0003394398372620344,0.8394253253936768,15557,0 days 00:00:01.324299
147,2.4923846808633243e-07,3.836210993313216e-08,0.0,0.0,523,0.00055061898831466,7,AdamW,0.6446025371551514,0.0003725616552401334,0.8356523513793945,15557,0 days 00:00:00.644920
116,2.51905788672957e-07,4.335300118896157e-08,0.0,0.0,860,0.0009999673603587852,8,AdamW,1.8161706924438477,0.0004039061313960701,0.8338935375213623,15557,0 days 00:00:01.817495
140,2.53503770863972e-07,2.0453214233384642e-08,0.0,0.0,875,0.0006764688325415573,8,AdamW,2.0017011165618896,0.0003763494605664164,0.832839846611023,15557,0 days 00:00:02.003046
74,2.5365756073369994e-07,1.1718015446859908e-09,0.0,0.0,784,5.494557037198345e-05,9,AdamW,2.1654162406921387,0.0004201216215733439,0.8327383995056152,15557,0 days 00:00:02.166574
33,2.544624919664784e-07,8.143275387340054e-09,0.0,0.0,660,0.0003293493139250007,10,AdamW,1.7252147197723389,0.00038610570481978357,0.8322076797485352,15557,0 days 00:00:01.726670
97,2.587884750937519e-07,1.59222868223452e-09,0.0,0.0,879,0.0004755598444197961,11,AdamW,2.9090206623077393,0.0003945704083889723,0.8293551206588745,15557,0 days 00:00:02.910845
62,2.609313014545478e-07,1.430339180430451e-09,0.0,0.0,672,0.0008552041928274041,12,AdamW,3.323810577392578,0.0004066255933139473,0.8279421329498291,15557,0 days 00:00:03.324841
84,2.680511101971206e-07,2.239555429994766e-09,0.0,0.0,887,0.0005562104369076998,6,AdamW,2.2138783931732178,0.0004017016908619553,0.8232473134994507,15557,0 days 00:00:02.215662
43,2.72515762844705e-07,5.464314334346909e-09,0.0,0.0,969,0.000427197524359191,12,AdamW,3.4911398887634277,0.00041509553557261825,0.8203033208847046,15557,0 days 00:00:03.492413
76,2.7302863259137666e-07,4.011205950726904e-11,0.0,0.0,821,0.0005327253888067255,8,AdamW,3.664424180984497,0.00040195314795710146,0.8199651837348938,15557,0 days 00:00:03.666284
141,2.7467899599287193e-07,6.718850809050991e-09,0.0,0.0,501,6.0301182253335556e-05,9,AdamW,2.4049904346466064,0.0004247769247740507,0.8188769221305847,15557,0 days 00:00:02.406939
24,2.7625293341770885e-07,4.493438510166925e-08,0.0,0.0,1013,3.322966362727075e-05,11,AdamW,2.9028420448303223,0.0004363745101727545,0.8178390264511108,15557,0 days 00:00:02.903930
109,2.773599590000231e-07,7.261036771843976e-10,0.0,0.0,799,0.0008575777298072418,9,AdamW,3.203951597213745,0.0003921685565728694,0.8171091079711914,15557,0 days 00:00:03.205592
53,2.888509129661543e-07,1.4427566086272492e-10,0.0,0.0,909,0.0005281042301422448,9,AdamW,4.204998016357422,0.0004106788837816566,0.8095319271087646,15557,0 days 00:00:04.206222
66,2.895673674174759e-07,8.45549230632514e-09,0.0,0.0,889,7.735961531773691e-05,9,AdamW,2.3229055404663086,0.0004177956434432417,0.8090595006942749,15557,0 days 00:00:02.324361
126,2.9669976697732636e-07,7.008961855348161e-09,0.0,0.0,766,0.0005162263432914772,9,AdamW,1.9140400886535645,0.00041850635898299515,0.8043564558029175,15557,0 days 00:00:01.915338
98,2.99036258866181e-07,1.9806050133297504e-09,0.0,0.0,848,0.0006057631216059145,12,AdamW,2.8357043266296387,0.0004176147049292922,0.8028157353401184,15557,0 days 00:00:02.837400
120,3.034241160548845e-07,1.901466317733025e-09,0.0,0.0,881,0.0005761067566226266,7,AdamW,2.2002511024475098,0.00035113957710564137,0.7999223470687866,15557,0 days 00:00:02.201732
103,3.1133453148868284e-07,3.0926526051189285e-07,0.0,0.0,903,0.0009877794538382513,7,AdamW,2.023059606552124,0.0004559721564874053,0.7947062849998474,15557,0 days 00:00:02.024298
34,3.174147025220009e-07,8.48780823403672e-10,0.0,0.0,894,0.0003407828113808344,10,AdamW,3.5314979553222656,0.00042144517647102475,0.7906970381736755,15557,0 days 00:00:03.533127
96,3.354614364070585e-07,3.053863650848143e-08,0.0,0.0,763,0.000540269988957473,9,AdamW,1.5918993949890137,0.00048634869745001197,0.7787969708442688,15557,0 days 00:00:01.593236
63,3.3650209729785274e-07,1.4169733164592913e-09,0.0,0.0,731,0.0006440135523361311,9,AdamW,1.721196174621582,0.0004513063468039036,0.7781108021736145,15557,0 days 00:00:01.722459
57,3.4649474400794134e-07,2.8861643386335345e-07,0.0,0.0,774,0.00024400496649526027,6,AdamW,0.6355955600738525,0.0004926088149659336,0.7715216875076294,15557,0 days 00:00:00.636717
123,3.541365458659129e-07,1.903252729029692e-11,0.0,0.0,857,0.0006625417249185055,9,AdamW,4.586121082305908,0.00042008631862699986,0.7664826512336731,15557,0 days 00:00:04.587526
146,3.5822969834953255e-07,3.9465319900955365e-10,0.0,0.0,597,0.0007242094199340621,10,AdamW,2.532991647720337,0.00045289500849321485,0.7637836933135986,15557,0 days 00:00:02.533816
115,3.769775389628194e-07,9.027177583220691e-08,0.0,0.0,874,0.0009104618448273383,6,AdamW,2.6765170097351074,0.00044668649206869304,0.751421332359314,15557,0 days 00:00:02.677958
72,4.155057808929996e-07,8.789304217771132e-08,0.0,0.0,612,0.0004907043301638172,6,AdamW,0.5756587982177734,0.0005218981532379985,0.7260158658027649,15557,0 days 00:00:00.576209
68,4.2137020273003145e-07,4.329042369022318e-08,0.0,0.0,496,0.0001789167966084873,7,AdamW,0.47548818588256836,0.0005808246205560863,0.7221488356590271,15557,0 days 00:00:00.475663
52,4.222007419230067e-07,3.1131936140127436e-08,0.0,0.0,833,0.0006709768503914426,6,AdamW,1.4969367980957031,0.0004808237717952579,0.7216011881828308,15557,0 days 00:00:01.498076
145,4.2598119875947305e-07,3.505765400202421e-10,0.0,0.0,476,0.000800704498425833,8,AdamW,1.3389973640441895,0.0004803971096407622,0.7191083431243896,15557,0 days 00:00:01.339751
64,4.5652760150005633e-07,1.4396873915245578e-08,0.0,0.0,809,9.853272979458808e-06,8,AdamW,1.0974345207214355,0.0005516622331924736,0.6989660859107971,15557,0 days 00:00:01.099329
138,4.738016912142484e-07,3.4287598538185193e-08,0.0,0.0,285,0.0008346413468427776,6,AdamW,0.381131649017334,0.0005359632195904851,0.6875755190849304,15557,0 days 00:00:00.381229
89,4.896010068478063e-07,1.7349324199500415e-09,0.0,0.0,746,0.00047113884705588584,9,AdamW,1.8888916969299316,0.0005560755962505937,0.677157461643219,15557,0 days 00:00:01.889329
108,6.010122888255864e-07,9.873706119378767e-08,0.0,0.0,831,0.0004988464559453093,11,AdamW,1.921546220779419,0.0005914562498219311,0.6036929488182068,15557,0 days 00:00:01.922795
122,6.036333388692583e-07,3.585821917173604e-10,0.0,0.0,803,0.0007833441465175383,10,AdamW,2.5633509159088135,0.0005905632860958576,0.6019647121429443,15557,0 days 00:00:02.564791
129,6.944014785403851e-07,2.811077138176188e-06,0.0,0.0,945,0.0007575282459416938,5,AdamW,0.878894567489624,0.0006904377369210124,0.5421122312545776,15557,0 days 00:00:00.881860
12,7.301880486920709e-07,1.6839075556163152e-07,0.0,0.0,471,1.4665928741963195e-05,8,AdamW,0.674168586730957,0.0006843508454039693,0.5185146331787109,15557,0 days 00:00:00.674352
37,8.911847544368356e-07,2.0100179654036765e-07,0.0,0.0,797,0.0005422048312882942,13,AdamW,2.4988811016082764,0.0006918131257407367,0.4123535752296448,15557,0 days 00:00:02.500807
93,9.346729257231345e-07,2.399471377145801e-08,0.0,0.0,830,0.00036923901540676695,5,AdamW,1.1731195449829102,0.0008279973990283906,0.38367748260498047,15557,0 days 00:00:01.174408
149,9.887701253319392e-07,1.2033704699376813e-08,0.0,0.0,775,0.0006454567684774278,6,AdamW,1.2097597122192383,0.0006399070261977613,0.34800583124160767,15557,0 days 00:00:01.211260
124,1.0108655033036484e-06,1.0441365105862133e-08,0.0,0.0,824,0.0008401282275098757,6,AdamW,1.7871015071868896,0.000636948854662478,0.33343613147735596,15557,0 days 00:00:01.788492
27,1.2564320286401198e-06,8.57851816249422e-08,0.0,0.0,594,0.0001180090102104077,5,AdamW,0.5240218639373779,0.000921395025216043,0.1715097427368164,15557,0 days 00:00:00.524125
80,1.3277306152303936e-06,3.522870315464388e-07,0.0,0.0,615,0.0002708060210003169,7,AdamW,0.5737338066101074,0.0009560055914334953,0.12449544668197632,15557,0 days 00:00:00.575032
4,1.3924618542660028e-06,3.100461526628351e-06,0.0,0.0,282,6.609672996716886e-06,8,AdamW,0.15116095542907715,0.000942189886700362,0.08181190490722656,15557,0 days 00:00:00.151337
39,1.524677713860001e-06,5.509941729542334e-06,0.0,0.0,869,0.0005835602236665126,15,AdamW,1.7248446941375732,0.0008743791840970516,-0.00537109375,15557,0 days 00:00:01.730001
5,1.533907493467268e-06,5.260375928628491e-06,0.0,0.0,540,0.00010131089458311636,13,AdamW,1.5703253746032715,0.0008724924409762025,-0.011457204818725586,15557,0 days 00:00:01.571272
21,1.5360251381935086e-06,6.721172667312203e-06,0.0,0.0,539,0.00020653254655181953,17,AdamW,0.6735570430755615,0.0009559679892845452,-0.012853741645812988,15557,0 days 00:00:00.674950
61,1.552009052829817e-06,6.1025170907669235e-06,0.0,0.0,754,0.0008069696265363562,30,AdamW,3.1897411346435547,0.000975988688878715,-0.02339339256286621,15557,0 days 00:00:03.191161
131,1.568078005220741e-06,6.90406250214437e-06,0.0,0.0,697,8.652413910657016e-05,12,AdamW,0.7303578853607178,0.0010018544271588326,-0.0339893102645874,15557,0 days 00:00:00.734099
29,1.5841865206311923e-06,7.288610504474491e-06,0.0,0.0,722,0.0001749396177787434,16,AdamW,1.03751802444458,0.0010055417660623789,-0.044611215591430664,15557,0 days 00:00:01.038848
58,1.6021360806917073e-06,7.905266102170572e-06,0.0,0.0,640,0.0001691609688264991,13,AdamW,0.4535088539123535,0.0009059021831490099,-0.05644714832305908,15557,0 days 00:00:00.454204
94,1.6077462987595936e-06,8.002684808161575e-07,0.0,0.0,800,1.3807438473224196e-06,8,AdamW,3.9835031032562256,0.0010615107603371143,-0.060146450996398926,15557,0 days 00:00:03.984686
40,1.615709606994642e-06,7.81860580900684e-06,0.0,0.0,743,0.0002535998037169314,12,AdamW,0.8809161186218262,0.0010288418270647526,-0.06539762020111084,15557,0 days 00:00:00.882845
73,1.6547290897506173e-06,2.261702320538461e-06,0.0,0.0,762,0.0006531940355709458,10,AdamW,0.9014909267425537,0.0010615633800625801,-0.09112691879272461,15557,0 days 00:00:00.902405
38,1.6752775309214485e-06,5.4859824558661785e-06,0.0,0.0,972,0.0009598378534894065,18,AdamW,3.291053295135498,0.000942297512665391,-0.10467660427093506,15557,0 days 00:00:03.293627
19,1.6954184047790477e-06,6.078670139686437e-06,0.0,0.0,524,8.137119418063576e-06,10,AdamW,0.7719874382019043,0.001082277507521212,-0.1179574728012085,15557,0 days 00:00:00.774161
139,1.7612881038076011e-06,2.2278277356235776e-06,0.0,0.0,842,0.0009973969560704925,7,AdamW,0.6821510791778564,0.0011001507518813014,-0.1613917350769043,15557,0 days 00:00:00.683627
99,1.784942469384987e-06,5.370394617898455e-08,0.0,0.0,778,3.919669083387167e-05,6,AdamW,0.601414680480957,0.0011724131181836128,-0.17698967456817627,15557,0 days 00:00:00.602913
15,1.8633406853041379e-06,1.567526282997278e-06,0.0,0.0,255,7.396103869959575e-06,9,AdamW,1.37259840965271,0.0012481618905439973,-0.22868525981903076,15557,0 days 00:00:01.373211
95,1.8643327166500967e-06,6.175184807943879e-07,0.0,0.0,711,0.0008376182452827657,10,AdamW,0.6672382354736328,0.0009861750295385718,-0.22933948040008545,15557,0 days 00:00:00.668243
25,2.035507350228727e-06,5.858256372448523e-06,0.0,0.0,1006,3.41961828209811e-05,11,AdamW,0.7919836044311523,0.0011061883997172117,-0.34221184253692627,15557,0 days 00:00:00.793018
133,2.039059836533852e-06,4.233713752910262e-06,0.0,0.0,646,1.0987051245220393e-05,10,AdamW,1.5628275871276855,0.0012165993684902787,-0.3445543050765991,15557,0 days 00:00:01.564288
32,2.329103381271125e-06,5.135092919772433e-07,0.0,0.0,461,0.00011928157270277881,6,AdamW,0.19993948936462402,0.001321024028584361,-0.5358086824417114,15557,0 days 00:00:00.200460
110,2.4445901090075495e-06,3.848512903914525e-07,0.0,0.0,561,3.57889422962996e-06,8,AdamW,2.563507556915283,0.0012972328113391995,-0.6119606494903564,15557,0 days 00:00:02.565447
87,2.5676224595372332e-06,5.946370492893038e-06,0.0,0.0,918,0.0006193577734325135,14,AdamW,1.4245936870574951,0.0013764381874352694,-0.6930882930755615,15557,0 days 00:00:01.427449
88,2.5821975668804953e-06,1.6762803625169909e-06,0.0,0.0,857,2.2544109038253236e-05,7,AdamW,0.8088369369506836,0.0013994092587381601,-0.702698826789856,15557,0 days 00:00:00.809585
56,2.6714242267189547e-06,5.982132734061452e-06,0.0,0.0,687,0.0004024946249488381,14,AdamW,1.2910361289978027,0.001334880362264812,-0.7615348100662231,15557,0 days 00:00:01.292108
85,2.751131205513957e-06,3.474493496469222e-06,0.0,0.0,948,0.0007631475014642985,11,AdamW,1.3310062885284424,0.0013016825541853905,-0.814093828201294,15557,0 days 00:00:01.332491
134,2.876790631489712e-06,6.3536263041896746e-06,0.0,0.0,812,0.0006571793939250851,11,AdamW,0.9508702754974365,0.0012968024238944054,-0.8969534635543823,15557,0 days 00:00:00.951941
3,2.9150760383345187e-06,7.04825379216345e-06,0.0,0.0,930,5.3607636052668587e-05,21,AdamW,2.2756688594818115,0.0014671272365376353,-0.9221985340118408,15557,0 days 00:00:02.280893
7,2.9787165658490267e-06,5.561625584959984e-06,0.0,0.0,803,0.0004266375887011592,29,AdamW,3.172260046005249,0.0014219207223504782,-0.9641631841659546,15557,0 days 00:00:03.175319
50,3.2198763619817328e-06,4.057368641952053e-06,0.0,0.0,836,0.0009942246480879862,8,AdamW,0.570793628692627,0.0014054060447961092,-1.1231839656829834,15557,0 days 00:00:00.571812
14,3.96734276364441e-06,3.029542767762905e-06,0.0,0.0,464,1.9815366535597666e-05,8,AdamW,0.5942425727844238,0.001729727373458445,-1.6160621643066406,15557,0 days 00:00:00.595402
9,3.985489456681535e-06,6.9164939304755535e-06,0.0,0.0,646,0.0009476620009167991,14,AdamW,0.8486831188201904,0.0016803261823952198,-1.6280286312103271,15557,0 days 00:00:00.849909
42,4.098157205589814e-06,7.619533789693378e-06,0.0,0.0,930,0.0006597867789520335,14,AdamW,1.3917315006256104,0.0017859532963484526,-1.7023210525512695,15557,0 days 00:00:01.395999
69,4.118353899684735e-06,9.119567948800977e-06,0.0,0.0,574,0.00033393075481495866,13,AdamW,0.6374828815460205,0.0017906991997733712,-1.7156391143798828,15557,0 days 00:00:00.638685
6,5.721203706343658e-06,8.108766451186966e-06,0.0,0.0,631,7.335848094547889e-05,13,AdamW,0.7870180606842041,0.00210240064188838,-2.772556781768799,15557,0 days 00:00:00.788292
78,5.742233497585403e-06,1.8001543139689602e-05,0.0,0.0,913,0.00021581857146034131,16,AdamW,0.9847667217254639,0.0021292325109243393,-2.786423921585083,15557,0 days 00:00:00.986857
8,5.827565473737195e-06,1.244266786670778e-05,0.0,0.0,691,6.351575135826271e-05,15,AdamW,0.6864795684814453,0.0021450098138302565,-2.8426918983459473,15557,0 days 00:00:00.687779
23,5.854969003848964e-06,5.599706809356064e-10,0.0,0.0,318,3.525475268159161e-05,5,AdamW,0.5494234561920166,0.0019740499556064606,-2.860762119293213,15557,0 days 00:00:00.549525
117,6.106848104536766e-06,8.675205208419356e-06,0.0,0.0,827,0.0006354369091933821,22,AdamW,1.4872410297393799,0.0021956453565508127,-3.026850700378418,15557,0 days 00:00:01.491436
0,6.173173005663557e-06,6.912098342581885e-06,0.0,0.0,633,0.0001741196674125802,22,AdamW,0.6898293495178223,0.002207438927143812,-3.070584774017334,15557,0 days 00:00:00.691138
30,6.425066203519236e-06,1.1706756595231127e-05,0.0,0.0,590,2.7071604785927714e-05,24,AdamW,0.8018050193786621,0.0022472881246358156,-3.2366833686828613,15557,0 days 00:00:00.803339
2,7.05402499079355e-06,9.918675459630322e-06,0.0,0.0,809,2.0818252476201796e-06,12,AdamW,5.36953067779541,0.0023743549827486277,-3.6514177322387695,15557,0 days 00:00:05.371566
35,7.0802593654661905e-06,8.88218346517533e-06,0.0,0.0,939,0.00031111686605142546,11,AdamW,0.8915355205535889,0.0023720739409327507,-3.6687169075012207,15557,0 days 00:00:00.892859
102,7.229140010167612e-06,7.291142082976876e-06,0.0,0.0,814,0.0008766108422630687,10,AdamW,0.8374025821685791,0.0024077221751213074,-3.76688814163208,15557,0 days 00:00:00.839142
75,7.521229235862847e-06,2.892815018640249e-07,0.0,0.0,865,0.00035750632917288215,4,AdamW,0.8460545539855957,0.002377683762460947,-3.9594922065734863,15557,0 days 00:00:00.846452
16,9.142241651716176e-06,1.5498459106311202e-05,0.0,0.0,379,2.136601264588535e-05,20,AdamW,0.641826868057251,0.002761466894298792,-5.028385162353516,15557,0 days 00:00:00.642850
26,9.264498658012599e-06,1.5619440091541037e-05,0.0,0.0,852,1.3112029707339196e-05,25,AdamW,2.528024911880493,0.002783516887575388,-5.109002113342285,15557,0 days 00:00:02.529425
148,1.0698557161958888e-05,9.215410159413295e-07,0.0,0.0,819,0.0008939163149684721,5,AdamW,2.226010322570801,0.002548182848840952,-6.054618835449219,15557,0 days 00:00:02.227407
28,1.227417124027852e-05,2.3259719455381855e-05,0.0,0.0,1018,4.476516083215543e-05,11,AdamW,0.6629838943481445,0.0032849726267158985,-7.0935773849487305,15557,0 days 00:00:00.664515
90,1.4446799468714744e-05,1.9663395505631343e-05,0.0,0.0,795,0.0007178386343220158,27,AdamW,1.5411016941070557,0.0035958681255578995,-8.526206970214844,15557,0 days 00:00:01.543897
67,2.7725631298380904e-05,8.126162924781966e-07,0.0,0.0,812,0.0004582368873983664,4,AdamW,0.6011552810668945,0.004074952099472284,-17.282258987426758,15557,0 days 00:00:00.602751
31,3.460704465396702e-05,7.057213224470615e-06,0.0,0.0,583,9.717997787782585e-05,4,AdamW,0.2251582145690918,0.004702514503151178,-21.819854736328125,15557,0 days 00:00:00.225448
17,3.5497196222422644e-05,7.736346105957637e-07,0.0,0.0,519,3.2615948314385782e-06,5,AdamW,0.4452245235443115,0.004903788678348064,-22.40682029724121,15557,0 days 00:00:00.445382
65,3.974043647758663e-05,3.1081951874512015e-06,0.0,0.0,713,4.740230016165013e-06,5,AdamW,0.46301746368408203,0.005547368433326483,-25.204814910888672,15557,0 days 00:00:00.463552
11,9.018173295771703e-05,2.0568646505125798e-05,0.0,0.0,347,4.775584877715783e-06,7,AdamW,1.5893738269805908,0.00799041148275137,-58.465763092041016,15557,0 days 00:00:01.589994
114,0.000191720318980515,0.0003353944921400398,0.0,0.0,896,0.0007153021082351049,4,AdamW,0.280869722366333,0.010259834118187428,-125.42020416259766,15557,0 days 00:00:00.282294
55,0.00023861657246015966,1.1520654879859649e-05,0.0,0.0,706,0.00026383239167276766,3,AdamW,0.5095078945159912,0.011847563087940216,-156.3435516357422,15557,0 days 00:00:00.509884
1,0.00032912747701629996,1.3853246855433099e-05,0.0,0.0,731,1.6157286530584935e-05,3,AdamW,0.2124786376953125,0.014807041734457016,-216.02638244628906,15557,0 days 00:00:00.212567
105,0.0003472813405096531,7.402721530525014e-05,0.0,0.0,864,0.0008422356558532746,5,AdamW,0.3117198944091797,0.01798897609114647,-227.99703979492188,15557,0 days 00:00:00.313655
48,0.0003496092977002263,8.642425382276997e-05,0.0,0.0,761,0.0007709894791923515,3,AdamW,0.5269579887390137,0.01643415167927742,-229.53208923339844,15557,0 days 00:00:00.528481
13,0.0008418340003117919,0.0006890544900670648,0.0,0.0,430,1.0888696865997489e-06,7,AdamW,1.7336535453796387,0.02889905869960785,-554.1045532226562,15557,0 days 00:00:01.733901
10,0.0010062827495858073,5.0588125304784626e-05,0.0,0.0,253,7.0500163860313785e-06,2,AdamW,0.12314128875732422,0.02542637102305889,-662.5419921875,15557,0 days 00:00:00.123541
20,0.002294605365023017,0.002281446009874344,0.0,0.0,424,1.841932181916316e-06,18,AdamW,3.15873122215271,0.047886211425065994,-1512.060791015625,15557,0 days 00:00:03.159618
18,0.019918140023946762,0.00039907937753014266,0.0,0.0,338,1.4525635991349199e-05,1,AdamW,0.14690470695495605,0.10956364870071411,-13133.0048828125,15557,0 days 00:00:00.147552
79,0.024107715114951134,0.008670114912092686,0.0,0.0,731,0.00014576260630509935,1,AdamW,0.27744150161743164,0.12277901917695999,-15895.6064453125,15557,0 days 00:00:00.277581
